Id_Cliente,Frecuencia_Compra,Monto_Anual_Gastado
EBS-0001,3,44055.51825874706
EBS-0002,3,51144.7678681194
EBS-0003,22,273186.7201935501
EBS-0004,9,440276.1014735789
EBS-0005,10,431979.0448224665
EBS-0006,3,50754.8663016932
EBS-0007,22,279976.0254080806
EBS-0008,22,276621.923531348
EBS-0009,22,289546.3598080433
EBS-0010,22,261846.14366971373
EBS-0011,10,445838.39786882134
EBS-0012,4,46573.26904913889
EBS-0013,10,443446.4335348483
EBS-0014,22,252275.6791182552
EBS-0015,22,258842.78944330855
EBS-0016,22,274021.27308589447
EBS-0017,9,446979.0767172853
EBS-0018,10,448501.4414955116
EBS-0019,11,449201.6733310637
EBS-0020,10,448286.70720457134
EBS-0021,21,275196.0186963898
EBS-0022,3,47036.38637306929
EBS-0023,2,57245.56191499572
EBS-0024,1,39624.18425761138
EBS-0025,21,265166.73316846194
EBS-0026,10,464965.8471696418
EBS-0027,9,453786.9379279926
EBS-0028,9,458837.7821539831
EBS-0029,22,289900.2124054584
EBS-0030,22,283519.96786993794
EBS-0031,3,62465.18441806949
EBS-0032,2,66410.99240489022
EBS-0033,21,282607.2706546889
EBS-0034,10,454841.11932987906
EBS-0035,9,455840.79864947085
EBS-0036,3,30114.74587895535
EBS-0037,2,54818.77073643509
EBS-0038,21,296112.6014233776
EBS-0039,3,64789.48637303787
EBS-0040,3,68871.25205752367
EBS-0041,11,468156.5127836914
EBS-0042,21,266075.96053112997
EBS-0043,9,445575.74114136316
EBS-0044,2,42217.2394646006
EBS-0045,11,465376.9989188123
EBS-0046,5,28255.574735471797
EBS-0047,9,444882.72400130314
EBS-0048,10,460612.14496125403
EBS-0049,1,48804.536864863265
EBS-0050,21,251126.81013157868
EBS-0051,2,60550.72826960895
EBS-0052,11,454972.12049441
EBS-0053,22,250598.1917240221
EBS-0054,2,52513.34330011717
EBS-0055,10,436786.1011472717
EBS-0056,1,87193.87379780441
EBS-0057,9,457084.0823560593
EBS-0058,10,449038.0794994087
EBS-0059,9,459782.36557107803
EBS-0060,23,277543.0795849163
EBS-0061,21,276282.7437206997
EBS-0062,9,461895.4573111453
EBS-0063,3,35490.938397373786
EBS-0064,3,49816.875420480326
EBS-0065,9,452421.0298496048
EBS-0066,12,459120.27047456603
EBS-0067,2,41787.84601320099
EBS-0068,21,292211.46112483507
EBS-0069,21,248223.78909950017
EBS-0070,9,457587.9648860864
EBS-0071,3,41312.28055154416
EBS-0072,9,458979.69024240325
EBS-0073,21,267297.52505197003
EBS-0074,21,271748.7007842802
EBS-0075,22,269503.7203190843
EBS-0076,2,35236.163097204706
EBS-0077,22,295675.08099660027
EBS-0078,10,440130.81272594427
EBS-0079,10,469377.62391041894
EBS-0080,9,457470.8569088468
EBS-0081,20,263421.3619363414
EBS-0082,10,447271.8704320944
EBS-0083,9,449261.08379525394
EBS-0084,10,485616.1730657136
EBS-0085,22,259184.4295722677
EBS-0086,3,46972.03156344051
EBS-0087,21,254824.58952171204
EBS-0088,4,47613.831057032105
EBS-0089,10,435222.17826969596
EBS-0090,10,450123.85724483046
EBS-0091,9,456938.16971478745
EBS-0092,11,432833.52796261915
EBS-0093,22,263004.3032455938
EBS-0094,21,262470.2099977939
EBS-0095,3,26816.12461589866
EBS-0096,21,275063.59595132194
EBS-0097,2,27490.759459392895
EBS-0098,10,478888.67760394124
EBS-0099,20,262342.9646172788
EBS-0100,21,255314.43857227027
EBS-0101,22,262627.8789623586
EBS-0102,2,52729.35880473089
EBS-0103,3,23443.719546500048
EBS-0104,8,461507.7080706802
EBS-0105,4,66664.77392026401
EBS-0106,20,281878.89033460786
EBS-0107,23,264972.8108031722
EBS-0108,10,435437.05212568585
EBS-0109,22,275532.05508711864
EBS-0110,9,464495.0578161553
EBS-0111,4,55355.14403740867
EBS-0112,22,268534.87270468345
EBS-0113,21,280043.9699993945
EBS-0114,22,257882.19053996567
EBS-0115,12,452710.4807125844
EBS-0116,22,265057.4918037614
EBS-0117,3,50932.51325638447
EBS-0118,2,51463.12129191676
EBS-0119,22,275792.63451625063
EBS-0120,10,446351.94653078995
EBS-0121,10,443160.89830716036
EBS-0122,21,268656.78835884685
EBS-0123,2,45508.25313335842
EBS-0124,21,280876.6631709874
EBS-0125,3,36143.64635871276
EBS-0126,3,34985.45589810499
EBS-0127,21,285482.5388476455
EBS-0128,2,37791.10076878596
EBS-0129,21,272736.9572762443
EBS-0130,21,277078.1327165519
EBS-0131,9,459574.34927156643
EBS-0132,21,291154.0301864158
EBS-0133,22,255262.2226907146
EBS-0134,3,71472.65603695053
EBS-0135,10,452000.4957965422
EBS-0136,4,66943.25839588052
EBS-0137,10,453245.75949416263
EBS-0138,22,285519.84489230753
EBS-0139,21,268294.86868542153
EBS-0140,21,280791.81018113083
EBS-0141,9,461859.49987789604
EBS-0142,9,437617.0604743709
EBS-0143,3,48481.37389910142
EBS-0144,2,43432.48763555983
EBS-0145,2,53651.88198079265
EBS-0146,10,422987.3634804948
EBS-0147,21,287322.24215921585
EBS-0148,10,436226.83353828255
EBS-0149,9,448358.5065184191
EBS-0150,10,438933.73473353754
EBS-0151,10,425826.71303075214
EBS-0152,3,64077.497423673776
EBS-0153,22,267514.53715184034
EBS-0154,2,54790.647480432526
EBS-0155,8,468263.85947950726
EBS-0156,22,270993.15167482017
EBS-0157,9,452109.16133970895
EBS-0158,22,274568.8979201267
EBS-0159,10,460859.52136549336
EBS-0160,3,24884.051062208324
EBS-0161,22,277579.9324760285
EBS-0162,9,446821.0891429656
EBS-0163,8,451680.0300768392
EBS-0164,20,278673.0504397985
EBS-0165,11,432906.18322419835
EBS-0166,9,459407.73542495153
EBS-0167,23,258631.086362442
EBS-0168,23,285046.3640884924
EBS-0169,3,56923.36665047832
EBS-0170,4,39000.95378399511
EBS-0171,21,290511.2841306027
EBS-0172,11,453397.8288134426
EBS-0173,9,468428.9868007778
EBS-0174,22,286302.24744777073
EBS-0175,10,435248.1427062203
EBS-0176,3,61437.14432170006
EBS-0177,23,279383.2205045975
EBS-0178,3,44700.540136613825
EBS-0179,22,268295.57557212823
EBS-0180,3,61742.842625047284
EBS-0181,10,474905.1189297814
EBS-0182,20,260554.3213372375
EBS-0183,9,443877.2152568229
EBS-0184,22,252200.85490583078
EBS-0185,10,470940.70787321805
EBS-0186,3,56676.80975224354
EBS-0187,10,439357.6071230181
EBS-0188,1,58571.27599514011
EBS-0189,9,464899.2861457741
EBS-0190,3,41147.078829097634
EBS-0191,21,257509.9090944886
EBS-0192,10,445973.73803118506
EBS-0193,22,292255.4867576496
EBS-0194,20,279917.9116719132
EBS-0195,10,469865.0026630365
EBS-0196,4,46690.963430423544
EBS-0197,23,277762.8531318
EBS-0198,22,259014.36522570255
EBS-0199,22,271426.4840698765
EBS-0200,2,46193.881171118
EBS-0201,9,442771.8932361578
EBS-0202,23,270448.60911263095
EBS-0203,9,455861.15048199234
EBS-0204,9,431830.39762394567
EBS-0205,23,295029.5315984119
EBS-0206,9,458316.08602480695
EBS-0207,22,260528.64591600077
EBS-0208,9,443756.302367313
EBS-0209,10,450431.30248570093
EBS-0210,20,277815.57274515356
EBS-0211,23,283019.4629588295
EBS-0212,3,47425.24111688785
EBS-0213,2,22370.45244237721
EBS-0214,21,258205.5701226138
EBS-0215,22,297751.53680525295
EBS-0216,10,460907.38683147717
EBS-0217,3,54700.82470482095
EBS-0218,10,439673.9825000489
EBS-0219,2,39819.23127279201
EBS-0220,22,277218.79612605844
EBS-0221,3,50970.28538538866
EBS-0222,2,58296.291104083335
EBS-0223,23,261464.81000079474
EBS-0224,10,442269.21265532955
EBS-0225,3,41348.00736282478
EBS-0226,10,447403.30167671875
EBS-0227,10,438638.79328619665
EBS-0228,21,267785.7717066043
EBS-0229,2,52990.24260315687
EBS-0230,9,448061.6831496874
EBS-0231,10,454384.80688188213
EBS-0232,2,26851.04028284124
EBS-0233,9,448651.9899570973
EBS-0234,2,62427.50421405552
EBS-0235,21,272419.29039876733
EBS-0236,21,293038.62907370686
EBS-0237,3,45797.45263357117
EBS-0238,22,259923.21395773813
EBS-0239,4,53793.31875710074
EBS-0240,22,268290.11477985367
EBS-0241,4,45330.31114309536
EBS-0242,1,38210.24828256287
EBS-0243,3,40343.479169326325
EBS-0244,22,259795.85173154337
EBS-0245,2,63612.9072966144
EBS-0246,12,465288.2226571852
EBS-0247,20,283301.860506768
EBS-0248,10,458627.9833457095
EBS-0249,22,267225.9305259475
EBS-0250,10,435689.1282093663
EBS-0251,21,295093.82992393954
EBS-0252,21,275311.9048991072
EBS-0253,3,49763.0706130958
EBS-0254,22,263571.9048856462
EBS-0255,10,436721.7773830827
EBS-0256,22,265950.59952992946
EBS-0257,10,452559.42647214717
EBS-0258,21,269635.9106905053
EBS-0259,21,273745.8606669737
EBS-0260,21,267461.1138533741
EBS-0261,21,269077.8835193532
EBS-0262,8,457970.1505124915
EBS-0263,2,27090.545834102544
EBS-0264,22,281225.9589668149
EBS-0265,2,33124.25311263403
EBS-0266,4,61653.11585209515
EBS-0267,22,271196.31165950414
EBS-0268,10,445795.07797243865
EBS-0269,11,451926.84086562105
EBS-0270,3,66108.68105568523
EBS-0271,22,269873.12883810536
EBS-0272,12,427354.60061818216
EBS-0273,21,294711.04690296954
EBS-0274,22,278516.71746314183
EBS-0275,9,441927.1362806964
EBS-0276,4,41538.43901967305
EBS-0277,11,468286.2815793517
EBS-0278,3,69068.89759772924
EBS-0279,4,37732.18832595303
EBS-0280,21,285544.11409883614
EBS-0281,3,43592.004318503765
EBS-0282,21,284820.6204135171
EBS-0283,3,71968.56359212828
EBS-0284,22,252279.18291118665
EBS-0285,20,251324.45382272825
EBS-0286,11,473362.6102012811
EBS-0287,10,458191.44394527434
EBS-0288,23,271489.6593254622
EBS-0289,9,434299.20737994334
EBS-0290,2,60424.43861699061
EBS-0291,3,26998.307147002102
EBS-0292,8,449937.4921752014
EBS-0293,21,276396.7980311264
EBS-0294,22,285565.008174606
EBS-0295,1,59209.77500384634
EBS-0296,9,455060.3594541651
EBS-0297,20,279840.6786282381
EBS-0298,3,42608.601682019376
EBS-0299,3,30873.584116280617
EBS-0300,10,444675.071447384
EBS-0301,4,33332.652406011824
EBS-0302,3,52009.31118867846
EBS-0303,22,256858.68678763407
EBS-0304,3,64367.735145141436
EBS-0305,9,435877.2135527075
EBS-0306,21,251029.9943278678
EBS-0307,3,60934.854388522195
EBS-0308,21,254050.22819979486
EBS-0309,3,50901.79399262889
EBS-0310,3,55538.07721507662
EBS-0311,3,39938.44625979439
EBS-0312,4,43900.33861231439
EBS-0313,2,52723.49155664995
EBS-0314,22,260859.69437892444
EBS-0315,4,42268.19640160836
EBS-0316,3,44756.96871644141
EBS-0317,22,252876.5750171089
EBS-0318,10,466789.91824221436
EBS-0319,2,45998.105871943866
EBS-0320,3,28832.405308950016
EBS-0321,21,268202.9655187123
EBS-0322,1,63378.81297096377
EBS-0323,4,54868.91825022683
EBS-0324,21,288458.09340798913
EBS-0325,3,73474.38764953337
EBS-0326,21,299428.80599938816
EBS-0327,11,460619.0781471297
EBS-0328,21,274385.7615393904
EBS-0329,10,436553.32831224625
EBS-0330,12,426277.3321338945
EBS-0331,21,288068.07133661455
EBS-0332,23,277216.66824928724
EBS-0333,3,42682.3306202319
EBS-0334,4,65069.21279711961
EBS-0335,2,79833.4522952701
EBS-0336,9,453818.4177740145
EBS-0337,4,45814.8055521626
EBS-0338,22,256331.9748533601
EBS-0339,2,61820.42166057731
EBS-0340,21,241437.55427488295
EBS-0341,2,36634.23240350105
EBS-0342,22,277476.785388124
EBS-0343,21,271513.1512276862
EBS-0344,20,244296.04279505924
EBS-0345,9,433132.7262126387
EBS-0346,9,444124.0927678221
EBS-0347,4,38826.63101256707
EBS-0348,4,43250.125484374636
EBS-0349,9,457959.9884211614
EBS-0350,11,443556.23341531184
EBS-0351,10,455962.96696322615
EBS-0352,9,443954.89875375223
EBS-0353,9,457196.8603984386
EBS-0354,21,281115.54452297825
EBS-0355,11,456311.76093389146
EBS-0356,9,467296.1567635669
EBS-0357,20,286964.2253097193
EBS-0358,10,447605.6810710287
EBS-0359,9,433006.3586001905
EBS-0360,2,35628.83487075578
EBS-0361,21,294475.70879205817
EBS-0362,23,289748.94056486344
EBS-0363,21,296530.11312028597
EBS-0364,22,284701.8557138602
EBS-0365,3,59862.69603217111
EBS-0366,21,290679.7816972909
EBS-0367,3,62926.03781633986
EBS-0368,2,23638.191246399307
EBS-0369,4,47614.339980716366
EBS-0370,21,299465.3670932222
EBS-0371,22,287071.78124290734
EBS-0372,8,440948.56856508896
EBS-0373,10,479907.71067097055
EBS-0374,21,276692.6248261027
EBS-0375,9,461065.51195813477
EBS-0376,21,254356.48214372678
EBS-0377,10,463371.3746256674
EBS-0378,4,44685.21322001396
EBS-0379,21,272552.7954813052
EBS-0380,9,450313.3521132276
EBS-0381,2,36685.502406163345
EBS-0382,23,280460.2116230844
EBS-0383,3,51481.37199679513
EBS-0384,23,259542.0846543648
EBS-0385,21,285596.73921227705
EBS-0386,3,87896.947483062
EBS-0387,11,443742.51732305094
EBS-0388,4,75681.75084160762
EBS-0389,21,255927.10799247478
EBS-0390,2,70891.11951678088
EBS-0391,21,276622.119189306
EBS-0392,11,457087.1366431784
EBS-0393,2,50382.17213896127
EBS-0394,9,451940.1061949735
EBS-0395,3,53704.52772213428
EBS-0396,3,42985.048284607634
EBS-0397,3,62247.090390701
EBS-0398,9,457057.10608732875
EBS-0399,20,281276.6923153333
EBS-0400,10,439584.2900993243
EBS-0401,10,460998.6866361609
EBS-0402,1,58106.145531569004
EBS-0403,10,455469.31870580604
EBS-0404,22,277907.4441082823
EBS-0405,9,440096.43862579344
EBS-0406,3,61931.66047929794
EBS-0407,21,279493.3781890177
EBS-0408,11,442081.75858212507
EBS-0409,10,443909.8952506376
EBS-0410,2,51176.50985452126
EBS-0411,21,285753.30184495565
EBS-0412,11,460815.9535988545
EBS-0413,1,37108.923738827856
EBS-0414,3,69082.80573972619
EBS-0415,3,34806.247896451576
EBS-0416,21,287115.3866541046
EBS-0417,3,60964.79013975394
EBS-0418,9,474329.32701119
EBS-0419,1,58710.888820462445
EBS-0420,22,265077.9627664665
EBS-0421,10,475159.08802951477
EBS-0422,10,440196.8588043247
EBS-0423,11,453286.521354853
EBS-0424,8,450363.8693616406
EBS-0425,10,474897.18161083537
EBS-0426,3,42369.6411656282
EBS-0427,19,301316.98058401834
EBS-0428,1,40624.57434217972
EBS-0429,22,270961.8741049344
EBS-0430,21,298596.65532385226
EBS-0431,9,462726.41717558756
EBS-0432,10,465024.08206085453
EBS-0433,3,43770.74579864004
EBS-0434,9,445727.03752973047
EBS-0435,3,50990.22592844031
EBS-0436,21,270354.4701015169
EBS-0437,3,43493.217025035236
EBS-0438,21,300827.9349358428
EBS-0439,2,55577.00155570463
EBS-0440,10,432974.67811853345
EBS-0441,3,40578.241761392754
EBS-0442,3,56146.29255458595
EBS-0443,3,53804.61267134812
EBS-0444,22,278663.94060230505
EBS-0445,10,442876.15567524114
EBS-0446,10,457602.8419732993
EBS-0447,21,278208.528936604
EBS-0448,9,465595.3037241119
EBS-0449,3,80385.70787579645
EBS-0450,1,63370.397749522795
EBS-0451,2,65262.87346567859
EBS-0452,3,38858.07840550669
EBS-0453,11,444576.7712134095
EBS-0454,9,425170.576568897
EBS-0455,2,44614.12542457871
EBS-0456,10,426181.03470372467
EBS-0457,22,279121.454454464
EBS-0458,3,41587.56622669478
EBS-0459,21,285602.9489150881
EBS-0460,10,448090.02342377795
EBS-0461,24,271001.44763368805
EBS-0462,21,295239.98601271235
EBS-0463,12,441323.83170724235
EBS-0464,11,452538.43614313327
EBS-0465,21,295012.7696841676
EBS-0466,23,265580.9784568309
EBS-0467,21,258001.3427370127
EBS-0468,4,39650.94450257252
EBS-0469,23,283964.51335964043
EBS-0470,9,452979.37812548527
EBS-0471,2,42126.231684880935
EBS-0472,10,460286.75816128677
EBS-0473,10,445647.8419690387
EBS-0474,2,49207.98491753795
EBS-0475,2,40932.907963151534
EBS-0476,21,255560.7818198026
EBS-0477,4,33785.739630269745
EBS-0478,8,453653.3785869602
EBS-0479,22,278475.6877246391
EBS-0480,10,455604.75879093475
EBS-0481,4,64043.42160580273
EBS-0482,22,278022.31355867296
EBS-0483,3,41812.89001802013
EBS-0484,21,269727.74000259757
EBS-0485,22,277863.68858369306
EBS-0486,10,456171.1792428883
EBS-0487,22,284573.1191734891
EBS-0488,2,59127.48012475981
EBS-0489,11,428732.90443624306
EBS-0490,9,434621.51235641196
EBS-0491,10,461574.77485868044
EBS-0492,21,270391.4842990079
EBS-0493,10,465491.3089421062
EBS-0494,3,59476.29356848799
EBS-0495,9,454164.22813419485
EBS-0496,3,31413.88490227324
EBS-0497,22,274730.99734533846
EBS-0498,22,252461.1657580998
EBS-0499,3,53556.47650543076
EBS-0500,1,34519.84225830072
EBS-0501,3,44047.36845775638
EBS-0502,9,458219.19031694
EBS-0503,3,64804.95367956843
EBS-0504,10,444631.0330535913
EBS-0505,10,472266.3331199724
EBS-0506,22,280440.98410338856
EBS-0507,10,439543.05191193154
EBS-0508,20,294507.76090779057
EBS-0509,8,453414.23566948745
EBS-0510,22,278223.53969500115
EBS-0511,11,446928.7581160924
EBS-0512,2,52319.68627950651
EBS-0513,23,287700.0152268669
EBS-0514,10,451229.26579964085
EBS-0515,3,43828.07800309651
EBS-0516,21,262082.8563827099
EBS-0517,3,52769.15272543918
EBS-0518,10,426770.19786062394
EBS-0519,10,442469.2147475828
EBS-0520,8,444392.1178646586
EBS-0521,9,444696.89823424554
EBS-0522,10,472360.51548355643
EBS-0523,11,445886.67905924795
EBS-0524,23,285104.1880269732
EBS-0525,4,48588.08741375923
EBS-0526,10,448490.61156377743
EBS-0527,21,286411.37120088254
EBS-0528,23,274734.9493941412
EBS-0529,21,263560.0607509817
EBS-0530,9,459700.4018141592
EBS-0531,10,459065.7841023826
EBS-0532,20,255970.48262281012
EBS-0533,10,439132.62898946943
EBS-0534,1,33033.44585835921
EBS-0535,21,266350.4199031704
EBS-0536,10,455402.0551906541
EBS-0537,9,452729.7774159373
EBS-0538,23,271386.38768293976
EBS-0539,22,253354.44145260964
EBS-0540,4,56339.31403192783
EBS-0541,2,44489.09942431433
EBS-0542,2,49898.45499592262
EBS-0543,3,34291.94339615411
EBS-0544,10,430587.4411493293
EBS-0545,1,43711.35097759094
EBS-0546,8,446605.02930353995
EBS-0547,11,464452.8907672965
EBS-0548,10,438654.14117223886
EBS-0549,2,49815.24039662104
EBS-0550,4,54736.46420113402
EBS-0551,2,48722.41229345285
EBS-0552,9,457316.8365836733
EBS-0553,10,460708.4395054719
EBS-0554,11,455244.5610780009
EBS-0555,9,430052.24236077885
EBS-0556,9,446185.38681216876
EBS-0557,3,59445.42355656536
EBS-0558,22,292902.48005669104
EBS-0559,10,439519.88928435004
EBS-0560,10,442793.85051094886
EBS-0561,10,437016.18123807886
EBS-0562,10,441496.69989880855
EBS-0563,10,450144.39359182183
EBS-0564,8,453437.35592247476
EBS-0565,2,49687.52473144508
EBS-0566,3,37853.90004073661
EBS-0567,20,281661.0738735259
EBS-0568,23,274717.72776413336
EBS-0569,10,449235.92552437406
EBS-0570,7,438059.35793393536
EBS-0571,21,264005.17245605635
EBS-0572,21,246843.7803053995
EBS-0573,3,74839.75205740074
EBS-0574,2,24458.0709948565
EBS-0575,9,451671.31420700887
EBS-0576,3,43104.08502557262
EBS-0577,2,52783.28474462795
EBS-0578,3,45422.4678468062
EBS-0579,21,254333.61915621115
EBS-0580,11,451336.0932182274
EBS-0581,3,35158.556575753886
EBS-0582,2,64799.38682919269
EBS-0583,3,53899.27100099567
EBS-0584,9,454016.4318199634
EBS-0585,2,36842.08779219046
EBS-0586,9,460662.998071499
EBS-0587,2,10865.22272019679
EBS-0588,22,259231.70923494
EBS-0589,22,235438.25937584296
EBS-0590,4,52038.22566677956
EBS-0591,2,44884.152734552306
EBS-0592,2,46288.21495586423
EBS-0593,2,48437.72569573626
EBS-0594,10,469529.58822339354
EBS-0595,22,303883.1547041735
EBS-0596,21,268379.9913241648
EBS-0597,12,440803.74721185974
EBS-0598,22,255278.97259324047
EBS-0599,11,444487.17675418494
EBS-0600,21,280259.8261599369
EBS-0601,21,268651.388008244
EBS-0602,20,293766.8559720763
EBS-0603,22,289102.0046627064
EBS-0604,11,448201.923221894
EBS-0605,3,37775.07984848629
EBS-0606,4,45109.88252867634
EBS-0607,21,244879.17948483455
EBS-0608,9,433507.4340716878
EBS-0609,3,53859.99081043346
EBS-0610,11,457913.63250257313
EBS-0611,10,449092.19901435974
EBS-0612,2,48522.83031427266
EBS-0613,9,444919.44437835686
EBS-0614,2,35003.933524867505
EBS-0615,4,26229.609456754413
EBS-0616,23,279305.76403363043
EBS-0617,3,39088.48008726067
EBS-0618,9,449471.81355127494
EBS-0619,10,447245.2463207239
EBS-0620,3,36594.73386186198
EBS-0621,21,263802.42385687423
EBS-0622,21,271498.20879617846
EBS-0623,11,435348.7703575187
EBS-0624,8,464931.7512279093
EBS-0625,3,58823.87695551703
EBS-0626,2,49689.16309783721
EBS-0627,23,257662.55718489664
EBS-0628,3,44138.72359883075
EBS-0629,22,303206.9029744048
EBS-0630,10,443398.5750538169
EBS-0631,22,283060.0252353763
EBS-0632,4,49077.70978501932
EBS-0633,3,55158.99879841359
EBS-0634,10,456200.8868432651
EBS-0635,11,424736.76066664624
EBS-0636,2,44158.034150035295
EBS-0637,11,461123.6548576661
EBS-0638,21,256677.08273355765
EBS-0639,3,67977.50253192097
EBS-0640,22,246290.8851988565
EBS-0641,2,46873.30001559218
EBS-0642,21,283444.13646687655
EBS-0643,9,461945.8196464826
EBS-0644,23,266393.4867858662
EBS-0645,3,58174.11725457553
EBS-0646,10,463199.8873134382
EBS-0647,8,470069.4789124734
EBS-0648,21,284169.46374093444
EBS-0649,3,42684.91419780954
EBS-0650,3,53029.79445938015
EBS-0651,22,266767.87398098607
EBS-0652,21,255417.85875834833
EBS-0653,2,36025.310818395374
EBS-0654,2,28119.12241228027
EBS-0655,21,275004.6969581057
EBS-0656,2,48127.02630890036
EBS-0657,10,445722.73013696156
EBS-0658,11,456212.70892551047
EBS-0659,21,244872.835446679
EBS-0660,10,435564.3171150877
EBS-0661,21,265477.6374225554
EBS-0662,3,42644.44334528888
EBS-0663,11,475319.41166508646
EBS-0664,3,42858.375751162566
EBS-0665,21,276635.807821043
EBS-0666,21,279238.19422327
EBS-0667,8,443928.14581203414
EBS-0668,11,462266.38623284374
EBS-0669,2,37233.947682778584
EBS-0670,9,477643.18484301394
EBS-0671,22,257704.9821263961
EBS-0672,21,273816.2851741757
EBS-0673,3,37795.74087565129
EBS-0674,11,433541.7028156014
EBS-0675,3,48319.714952933355
EBS-0676,2,45951.60453902115
EBS-0677,3,38097.85585312564
EBS-0678,23,283364.15476402774
EBS-0679,2,51934.86254494408
EBS-0680,10,467670.3815305947
EBS-0681,22,269884.7978308004
EBS-0682,4,55893.249482332096
EBS-0683,21,277012.1184434109
EBS-0684,11,443742.66700998973
EBS-0685,21,278436.61282396584
EBS-0686,9,435261.91073700687
EBS-0687,21,277608.4469823588
EBS-0688,22,256006.40390022247
EBS-0689,11,462896.8313423005
EBS-0690,9,447142.2640379173
EBS-0691,3,47583.07163352362
EBS-0692,21,262336.7664140824
EBS-0693,10,451666.0045167423
EBS-0694,21,272562.889499154
EBS-0695,10,460137.32534754364
EBS-0696,21,253932.42345014375
EBS-0697,22,250126.62915013215
EBS-0698,3,53283.49781725308
EBS-0699,10,477427.4523038192
EBS-0700,3,29077.183884671857
EBS-0701,10,444808.10302424163
EBS-0702,4,52356.104562294975
EBS-0703,20,262938.436858392
EBS-0704,20,276156.2336666304
EBS-0705,21,270965.5090515333
EBS-0706,2,69890.57240659464
EBS-0707,22,274859.1185350287
EBS-0708,3,45469.08662827041
EBS-0709,20,294441.498120209
EBS-0710,20,253623.50255050097
EBS-0711,2,50371.022824245294
EBS-0712,3,53707.69891150169
EBS-0713,12,464181.90813833725
EBS-0714,11,440646.46687188547
EBS-0715,3,25136.8799616222
EBS-0716,3,67861.98567621606
EBS-0717,10,437921.50074865104
EBS-0718,21,270572.67696546885
EBS-0719,3,37793.47665384812
EBS-0720,21,271615.48632157396
EBS-0721,11,445110.6901169228
EBS-0722,23,265190.7223881243
EBS-0723,21,282870.47671318596
EBS-0724,3,57641.14607389131
EBS-0725,10,460182.30661374726
EBS-0726,9,432482.330472499
EBS-0727,2,67646.89861458515
EBS-0728,23,263468.5735954342
EBS-0729,3,45199.59824228518
EBS-0730,9,440999.65435352904
EBS-0731,10,470170.4291147185
EBS-0732,2,47160.12918951178
EBS-0733,21,274686.42439109116
EBS-0734,10,453912.7226659629
EBS-0735,22,282807.4604396498
EBS-0736,11,451517.1951331425
EBS-0737,22,276307.0757786005
EBS-0738,3,43591.002168413404
EBS-0739,21,255054.69743707636
EBS-0740,22,276856.5292740525
EBS-0741,3,39071.27997126001
EBS-0742,3,62099.82392154894
EBS-0743,2,59017.16631401523
EBS-0744,22,270285.02722220897
EBS-0745,22,271732.36530115077
EBS-0746,10,454899.06637729926
EBS-0747,10,470602.7911332072
EBS-0748,22,267940.3557856652
EBS-0749,22,280288.27452030446
EBS-0750,3,52671.84443639706
EBS-0751,22,278053.1352932176
EBS-0752,11,451199.3015900802
EBS-0753,2,24094.177541298304
EBS-0754,2,38549.75572939891
EBS-0755,4,72821.5619097772
EBS-0756,3,47530.220446457366
EBS-0757,2,33782.31046919831
EBS-0758,4,56474.56490170726
EBS-0759,2,36106.459223257836
EBS-0760,3,38736.52068392708
EBS-0761,2,38736.14474665347
EBS-0762,3,60057.21432247112
EBS-0763,21,283587.1976867578
EBS-0764,11,459342.1721859125
EBS-0765,22,265845.21739569947
EBS-0766,2,70534.46020918267
EBS-0767,10,447128.8731367748
EBS-0768,10,462064.64828245476
EBS-0769,10,448262.96953534463
EBS-0770,2,52829.20183858396
EBS-0771,21,273770.9879622494
EBS-0772,3,59187.815260148025
EBS-0773,23,267613.2914113336
EBS-0774,9,433194.19450473157
EBS-0775,22,275254.1150656205
EBS-0776,2,61135.92322714076
EBS-0777,10,441251.9200740117
EBS-0778,9,453569.526443104
EBS-0779,21,304984.3912728533
EBS-0780,4,59377.50152826971
EBS-0781,21,280104.12462374574
EBS-0782,2,14436.786589270043
EBS-0783,10,459478.56556720356
EBS-0784,22,265667.53447085
EBS-0785,2,53297.2278604305
EBS-0786,10,500000.0
EBS-0787,1,49672.39386179575
EBS-0788,2,37193.7367818187
EBS-0789,22,287297.01659421524
EBS-0790,20,270972.49452538043
EBS-0791,1,50052.56050789365
EBS-0792,9,446907.9472998828
EBS-0793,3,42649.53225801718
EBS-0794,22,260810.6627754306
EBS-0795,10,482353.13473003224
EBS-0796,9,449612.15741475794
EBS-0797,10,440880.2156341205
EBS-0798,1,56842.32540643505
EBS-0799,21,263691.6465388008
EBS-0800,4,41861.98992702874
EBS-0801,3,42907.265329274385
EBS-0802,10,440516.06324892945
EBS-0803,3,34966.90890995522
EBS-0804,22,274130.30281671335
EBS-0805,9,470753.8966812035
EBS-0806,23,265479.2653672938
EBS-0807,22,277624.8508232254
EBS-0808,3,30249.395530395475
EBS-0809,10,458821.1953275762
EBS-0810,10,450762.9444501882
EBS-0811,9,448711.423344467
EBS-0812,9,445154.45389671606
EBS-0813,11,454300.547963171
EBS-0814,3,46355.124653876985
EBS-0815,10,429967.61562340776
EBS-0816,1,27224.7509752573
EBS-0817,3,31794.780533769877
EBS-0818,3,37883.22535877513
EBS-0819,2,47300.82021228252
EBS-0820,10,469806.7348981838
EBS-0821,21,262442.5784918788
EBS-0822,4,47053.24651759443
EBS-0823,4,80231.78752509624
EBS-0824,22,263329.7217802039
EBS-0825,9,446987.6579543821
EBS-0826,10,444167.70759362646
EBS-0827,21,262623.27858640125
EBS-0828,22,236044.22342106147
EBS-0829,1,40451.58265517695
EBS-0830,9,439158.7247867245
EBS-0831,21,272599.343038868
EBS-0832,2,24980.961015687455
EBS-0833,10,468451.3048277503
EBS-0834,3,70689.07261041261
EBS-0835,21,275765.0762622837
EBS-0836,10,455022.29453758494
EBS-0837,9,435855.98802147486
EBS-0838,3,69851.71857718201
EBS-0839,21,278948.66403734754
EBS-0840,23,280360.29840620636
EBS-0841,10,450363.39980774745
EBS-0842,21,286233.6445146878
EBS-0843,21,274982.884853338
EBS-0844,22,277683.06986312487
EBS-0845,10,436775.3445994808
EBS-0846,22,265423.8104961702
EBS-0847,3,52956.434295433435
EBS-0848,4,61060.55929084532
EBS-0849,10,445002.96918722626
EBS-0850,22,278250.21975534403
EBS-0851,3,68962.23544630641
EBS-0852,4,72215.1828663624
EBS-0853,3,57703.74484616024
EBS-0854,21,275764.7287383468
EBS-0855,2,10241.78931768671
EBS-0856,22,276469.1180881562
EBS-0857,2,30579.058118529705
EBS-0858,3,46891.02086456424
EBS-0859,21,277248.2371900571
EBS-0860,20,266784.26213420025
EBS-0861,10,457594.55019280425
EBS-0862,2,29822.178299426934
EBS-0863,11,447906.5186739867
EBS-0864,3,24981.545898170283
EBS-0865,2,49159.089998597374
EBS-0866,10,438336.96355651645
EBS-0867,4,50178.86714000351
EBS-0868,3,36541.85256246293
EBS-0869,4,45844.17662439754
EBS-0870,10,450654.1075960376
EBS-0871,3,42409.39440648072
EBS-0872,2,54159.301871531716
EBS-0873,22,266141.2044231299
EBS-0874,22,303404.3631089711
EBS-0875,4,67175.26238891613
EBS-0876,21,289693.2557912939
EBS-0877,20,276972.0452719826
EBS-0878,9,443457.12529540894
EBS-0879,10,440563.2976815092
EBS-0880,9,440708.34292369924
EBS-0881,10,458541.1159213022
EBS-0882,3,53088.91248704184
EBS-0883,4,36343.03781351056
EBS-0884,22,300295.63176567433
EBS-0885,22,299695.3127192967
EBS-0886,22,252971.10032306612
EBS-0887,3,56985.13852343046
EBS-0888,10,446175.75935270527
EBS-0889,21,278400.126048956
EBS-0890,21,259333.76635828253
EBS-0891,22,268095.99213660107
EBS-0892,22,279957.64021367923
EBS-0893,21,272105.6190129117
EBS-0894,3,47382.361895383765
EBS-0895,10,449416.48954827525
EBS-0896,3,54287.33077107354
EBS-0897,1,56996.578953457545
EBS-0898,12,451821.4281719898
EBS-0899,22,285947.6201520327
EBS-0900,4,44168.02292181515
EBS-0901,3,65279.2336213119
EBS-0902,10,440183.2221562882
EBS-0903,21,286945.21323548094
EBS-0904,10,463408.5350603955
EBS-0905,10,455306.9319600942
EBS-0906,2,39458.755713318504
EBS-0907,9,453021.6867222763
EBS-0908,1,62136.16000104879
EBS-0909,10,461401.11652722413
EBS-0910,2,57606.2143497815
EBS-0911,9,437333.40692791296
EBS-0912,22,267658.33246967255
EBS-0913,21,269368.5349532992
EBS-0914,22,262641.93918699736
EBS-0915,2,67757.37055672683
EBS-0916,1,55952.86406217983
EBS-0917,10,441996.89610262035
EBS-0918,22,284371.79309160204
EBS-0919,21,277290.56180752185
EBS-0920,2,61171.05851915155
EBS-0921,3,44279.643658459616
EBS-0922,3,10000.0
EBS-0923,21,260741.57772671746
EBS-0924,9,447364.75500374724
EBS-0925,21,281217.73796301294
EBS-0926,3,37143.10158788104
EBS-0927,20,263434.0257121453
EBS-0928,11,433265.4773563194
EBS-0929,10,441563.3714948467
EBS-0930,9,428146.88160691067
EBS-0931,4,54407.9379675162
EBS-0932,10,468293.929287132
EBS-0933,10,428678.2848568921
EBS-0934,3,49624.41055909942
EBS-0935,21,290120.50023041596
EBS-0936,4,35667.26066322321
EBS-0937,4,56768.882833032476
EBS-0938,21,268642.6970229117
EBS-0939,10,470535.5095991529
EBS-0940,10,437636.14378329134
EBS-0941,3,54347.67992813989
EBS-0942,9,435648.837764461
EBS-0943,21,247132.5093355209
EBS-0944,23,277981.4324934434
EBS-0945,22,256630.50394493435
EBS-0946,22,274591.4154601037
EBS-0947,22,263932.9435625369
EBS-0948,9,452478.08397935965
EBS-0949,9,454019.019620816
EBS-0950,21,274084.7333596148
EBS-0951,22,272881.1584090946
EBS-0952,10,446178.69712985674
EBS-0953,10,457394.0429363656
EBS-0954,22,288370.5027212379
EBS-0955,10,463814.4598412801
EBS-0956,3,52184.48421608731
EBS-0957,8,438266.3889383516
EBS-0958,8,470495.01365760795
EBS-0959,2,37053.266528839325
EBS-0960,8,450732.60623627814
EBS-0961,21,266636.73731104634
EBS-0962,21,278279.97129386285
EBS-0963,3,53896.23475922955
EBS-0964,21,287314.32662987255
EBS-0965,3,28485.098261217892
EBS-0966,10,421834.36023367906
EBS-0967,3,50305.580311982485
EBS-0968,8,450379.7806485795
EBS-0969,2,61929.22660005653
EBS-0970,21,284465.58256664
EBS-0971,10,460689.87795449095
EBS-0972,4,39599.280114680936
EBS-0973,22,254266.90218546847
EBS-0974,10,463459.008099267
EBS-0975,22,281126.5030992838
EBS-0976,3,55869.86482810223
EBS-0977,21,287920.1274031753
EBS-0978,2,39040.67941436857
EBS-0979,11,452010.36152034637
EBS-0980,4,58733.761997061076
EBS-0981,20,281699.04092136427
EBS-0982,11,444592.0023408618
EBS-0983,10,454221.80313672416
EBS-0984,22,264935.2979394018
EBS-0985,3,50649.82962827883
EBS-0986,10,437381.70885257
EBS-0987,11,463252.3203747852
EBS-0988,9,474593.73887483485
EBS-0989,20,290557.60688530846
EBS-0990,22,272811.18843250885
EBS-0991,10,459911.33542138035
EBS-0992,9,443456.9014853417
EBS-0993,22,250501.8629996501
EBS-0994,21,268345.00190296373
EBS-0995,22,263290.9147607839
EBS-0996,4,62690.232322447395
EBS-0997,10,459049.48545419454
EBS-0998,21,305653.348182208
EBS-0999,21,269846.84990156256
EBS-1000,2,44686.506148942775
